Population,Generation,Strain ID,Mutator,Reference,Facility,Accession,Read Type,Read Length,Sequencing Depth,Analysis Notes,Total Mutations,Base Substitutions,IS Element Insertions,Small Indels,Large Deletions,Large Duplications,Total Deleted Base Pairs,Total Inserted Base Pairs,Estimated Final Genome Size,Synonymous Base Substitutions,Nonsynonymous Base Substitutions,Nonsense Base Substitutions,Pseudogene Base Substitutions,Noncoding RNA Base Substitutions,Intergenic Base Substitutions,Days,Cell size,Relative fitness
Ara+1,500,REL768A,None,This study,Genoscope,SRR2584408,single,36,70.24127718360918,,4,3,0,0,1,0,6244,0,4623568,0,2,0,0,0,1,75.0,0.48,1.1565
Ara+1,500,REL768B,None,This study,Genoscope,SRR2584409,single,36,41.13677769,,3,1,1,0,1,0,4772,1349,4626389,0,1,0,0,0,0,75.0,0.48,1.1565
Ara+1,1000,REL958A,None,This study,Genoscope,SRR2584410,single,36,33.22605151,,4,2,0,1,1,0,2544,0,4627268,0,2,0,0,0,0,150.0,0.495,1.1251
Ara+1,1000,REL958B,None,This study,Genoscope,SRR2584411,single,36,34.58993151,,2,1,1,0,0,0,0,1446,4631258,0,1,0,0,0,0,150.0,0.495,1.1251
Ara+1,1500,REL1062A,None,This study,Genoscope,SRR2584438,single,36,40.34209856,,7,5,0,0,2,0,6305,0,4623507,0,4,0,0,0,1,225.0,,1.2194
Ara+1,1500,REL1062B,None,This study,Genoscope,SRR2584462,single,36,39.77895128,,6,5,0,0,1,0,6244,0,4623568,0,5,0,0,0,0,225.0,,1.2194
Ara+1,2000,REL1158A,None,This study,Genoscope,SRR2584463,single,36,61.4151093,,8,4,3,0,1,0,6138,4339,4628013,0,3,0,0,0,1,300.0,0.58,1.2204
Ara+1,2000,REL1158C,None,This study,Genoscope,SRR2584464,single,36,65.24331463,,9,2,3,1,2,1,7584,67023,4689251,0,2,0,0,0,0,300.0,0.58,1.2204
Ara+1,5000,REL2173A,IS,This study,Genoscope,SRR2584466,single,36,37.021536299999994,,22,4,13,2,2,1,45721,20245,4604336,0,2,0,0,0,2,750.0,0.595,1.5416
Ara+1,5000,REL2173B,IS,This study,Genoscope,SRR2584467,single,36,70.35935822,,19,7,10,0,2,0,6527,14460,4637745,0,5,0,0,0,2,750.0,0.595,1.5416
Ara+1,10000,REL4530A,IS,This study,Genoscope,SRR2584470,single,36,79.72545645,,35,10,16,3,5,1,61166,84344,4652990,1,7,0,0,0,2,1500.0,0.705,1.4771
Ara+1,10000,REL4530B,IS,This study,Genoscope,SRR2584490,single,36,74.16830295,,32,8,18,1,4,1,51981,89050,4666881,1,5,0,0,0,2,1500.0,0.705,1.4771
Ara+1,15000,REL7183A,IS,This study,Genoscope,SRR2584518,single,36,76.99812973,,48,15,19,4,7,3,69417,191760,4752155,1,10,0,0,0,4,2250.0,,
Ara+1,15000,REL7183B,IS,This study,Genoscope,SRR2584508,single,36,72.72973654,,47,16,18,4,7,2,69417,241449,4801844,1,9,1,0,0,5,2250.0,,
Ara+1,20000,REL9282A,IS,This study,Genoscope,SRR2584519,single,36,67.92267569,,54,16,24,4,8,2,89032,251907,4792687,1,12,0,0,0,3,3000.0,,
Ara+1,20000,REL9282B,IS,This study,Genoscope,SRR2584520,single,36,39.97723817,,56,18,21,5,9,3,155540,247568,4721840,2,12,0,1,0,3,3000.0,,
Ara+1,30000,REL10450,IS,This study,Genoscope,SRR2584521,single,36,56.80215525,,82,26,34,8,11,3,311564,254311,4572559,4,17,0,1,0,4,4500.0,,
Ara+1,30000,REL10451,IS,This study,Genoscope,SRR2584522,single,36,49.64936481,,78,27,28,6,14,3,349453,257018,4537377,3,18,0,2,0,4,4500.0,,
Ara+1,40000,REL11008,IS,W13,Genoscope,SRR2086043,single,36,37.39792804,,93,32,36,8,14,3,312822,257201,4574191,5,21,0,1,0,5,6000.0,,
Ara+1,40000,REL11009,IS,W13,Genoscope,SRR2086070,single,36,41.68409538,,95,30,37,8,15,5,378661,367480,4618631,6,19,1,1,0,3,6000.0,,
Ara+1,50000,REL11392,IS,This study,Genoscope,SRR2584524,single,51,779.6476537000001,,111,46,37,8,16,4,385233,271177,4515756,7,28,2,1,0,8,7500.0,,
Ara+1,50000,REL11393,IS,This study,IntraGen,SRR2584534,paired,101,64.64371447,,115,44,42,9,16,4,327995,276985,4578802,8,27,1,1,0,7,7500.0,,
Ara+2,500,REL769A,None,This study,Genoscope,SRR2584549,single,36,56.52742574,,2,2,0,0,0,0,0,0,4629812,0,2,0,0,0,0,75.0,0.47,1.1403
Ara+2,500,REL769B,None,This study,Genoscope,SRR2584550,single,36,59.65024865,,2,2,0,0,0,0,0,0,4629812,0,2,0,0,0,0,75.0,0.47,1.1403
Ara+2,1000,REL959A,None,This study,Genoscope,SRR2584583,single,36,60.08115643,,4,3,1,0,0,0,0,777,4630589,0,3,0,0,0,0,150.0,0.555,1.1848
Ara+2,1000,REL959B,None,This study,Genoscope,SRR2584607,single,36,64.63349808,,4,3,1,0,0,0,0,777,4630589,0,3,0,0,0,0,150.0,0.555,1.1848
Ara+2,1500,REL1063A,None,This study,Genoscope,SRR2584608,single,36,60.89164744,,5,3,1,0,1,0,6414,777,4624175,0,3,0,0,0,0,225.0,,1.2311
Ara+2,1500,REL1063B,None,This study,Genoscope,SRR2584609,single,36,51.59562678,,6,5,1,0,0,0,0,777,4630589,1,3,0,0,0,1,225.0,,1.2311
Ara+2,2000,REL1159A,None,This study,Genoscope,SRR2584610,single,36,72.23285870000001,,8,6,1,0,1,0,3537,777,4627052,1,4,0,0,0,1,300.0,0.675,1.1524
Ara+2,2000,REL1159B,None,This study,Genoscope,SRR2584611,single,36,39.9951255,,9,5,3,0,1,0,3537,3572,4629847,1,4,0,0,0,0,300.0,0.675,1.1524
Ara+2,5000,REL2174A,None,This study,Genoscope,SRR2584613,single,36,122.595224,,12,5,4,2,0,1,1,65028,4694839,0,5,0,0,0,0,750.0,0.89,1.4165
Ara+2,5000,REL2174B,None,This study,Genoscope,SRR2584614,single,36,64.59336016,,11,5,3,2,0,1,1,64251,4694062,0,5,0,0,0,0,750.0,0.89,1.4165
Ara+2,10000,REL4531A,None,This study,Genoscope,SRR2584637,single,36,109.7807395,,23,12,3,3,3,2,53853,93311,4669270,0,9,2,0,0,1,1500.0,1.1,1.6144
Ara+2,10000,REL4531B,None,This study,Genoscope,SRR2584654,single,36,64.68616155,,25,12,3,4,4,2,114626,93311,4608497,0,9,2,0,0,1,1500.0,1.1,1.6144
Ara+2,15000,REL7184A,None,This study,Genoscope,SRR2584655,single,36,60.14195285,,31,15,3,5,5,3,97453,122280,4654639,0,11,2,0,0,2,2250.0,,
Ara+2,15000,REL7184B,None,This study,Genoscope,SRR2584659,single,36,41.16906475,,33,17,3,5,6,2,126399,93320,4596733,1,11,2,0,0,3,2250.0,,
Ara+2,20000,REL8601A,None,This study,Genoscope,SRR2584660,single,36,98.43261584,,37,18,5,6,6,2,119603,95448,4605657,0,12,2,0,0,4,3000.0,,
Ara+2,20000,REL8601B,None,This study,Genoscope,SRR2584661,single,36,51.03595438,,33,16,3,6,6,2,119603,93322,4603531,0,11,2,0,0,3,3000.0,,
Ara+2,30000,REL10407,None,This study,Genoscope,SRR2584662,single,36,52.740121200000004,,46,23,8,7,6,2,119608,98922,4609126,0,15,2,0,0,6,4500.0,,
Ara+2,30000,REL10408,None,This study,Genoscope,SRR2584663,single,36,42.72217468,,47,22,7,8,7,3,120039,112537,4622310,2,12,2,1,0,5,4500.0,,
Ara+2,40000,REL10950,None,W13,Genoscope,SRR2086096,single,36,86.77260092,,58,32,9,9,6,2,119608,99805,4610009,1,20,3,0,0,8,6000.0,,
Ara+2,40000,REL10951,None,W13,Genoscope,SRR2086097,single,36,84.43010818,,54,28,9,9,6,2,119608,99805,4610009,0,17,3,0,0,8,6000.0,,
Ara+2,50000,REL11342,None,This study,Genoscope,SRR2584665,single,51,753.9110236,,67,37,10,10,8,2,148569,101250,4582493,0,23,3,0,0,11,7500.0,,
Ara+2,50000,REL11343,None,This study,IntraGen,SRR2588645,paired,101,122.46487979999999,,67,38,10,10,7,2,134089,101250,4596973,0,23,3,0,0,12,7500.0,,
Ara+3,500,REL770A,None,This study,MSU RTSF,SRR2588658,paired,150,151.94475219999998,,2,1,0,1,0,0,0,1,4629813,0,1,0,0,0,0,75.0,0.47,1.1712
Ara+3,500,REL770B,None,This study,MSU RTSF,SRR2584668,paired,150,275.8346548,,3,1,1,1,0,0,1,1446,4631257,0,1,0,0,0,0,75.0,0.47,1.1712
Ara+3,1000,REL960A,None,This study,MSU RTSF,SRR2584669,paired,150,156.20872549999999,,4,2,0,1,1,0,5700,0,4624112,0,2,0,0,0,0,150.0,0.575,1.1599
Ara+3,1000,REL960B,None,This study,MSU RTSF,SRR2591034,paired,150,125.41290009999999,Possibly nonclonal: 2 mutations at ~40% not included and 1 mutation at 60% included,4,2,0,1,1,0,4570,0,4625242,0,2,0,0,0,0,150.0,0.575,1.1599
Ara+3,1500,REL1064A,None,This study,MSU RTSF,SRR2584671,paired,150,243.4040784,,6,3,1,1,1,0,5700,1439,4625551,0,3,0,0,0,0,225.0,,1.3055
Ara+3,1500,REL1064B,None,This study,MSU RTSF,SRR2591035,paired,150,91.13843672,,6,4,1,1,0,0,9,1446,4631249,0,3,0,0,0,1,225.0,,1.3055
Ara+3,2000,REL1160A,None,This study,MSU RTSF,SRR2584673,paired,150,99.22073423,,8,4,2,1,1,0,5700,2886,4626998,0,4,0,0,0,0,300.0,0.645,1.1561
Ara+3,2000,REL1160B,None,This study,MSU RTSF,SRR2588711,paired,150,155.5009692,,9,4,2,1,2,0,18528,2892,4614176,0,4,0,0,0,0,300.0,0.645,1.1561
Ara+3,5000,REL2175A,PM,This study,MSU RTSF,SRR2584677,paired,150,63.37163388,,147,107,1,37,2,0,6423,1470,4624859,25,67,1,3,0,11,750.0,0.85,1.5259
Ara+3,5000,REL2175B,PM,This study,MSU RTSF,SRR2584678,paired,150,60.38477631,,152,116,1,34,1,0,6187,1470,4625095,28,74,2,1,0,11,750.0,0.85,1.5259
Ara+3,10000,REL4532A,PM,This study,MSU RTSF,SRR2591036,paired,150,39.14699193,,331,279,2,46,4,0,60106,2925,4572631,77,167,4,3,0,28,1500.0,0.895,1.6181
Ara+3,10000,REL4532B,PM,This study,MSU RTSF,SRR2591037,paired,150,61.98247575,,375,310,3,58,4,0,38446,4380,4595746,89,185,3,5,0,28,1500.0,0.895,1.6181
Ara+3,15000,REL7185A,PM,This study,MSU RTSF,SRR2584681,paired,150,43.0392733,,653,530,1,119,3,0,29990,1542,4601364,155,295,11,10,0,59,2250.0,,
Ara+3,15000,REL7185B,PM,This study,MSU RTSF,SRR2584682,paired,150,52.39457563,,644,524,2,115,2,1,29507,3238,4603543,153,291,10,10,0,60,2250.0,,
Ara+3,20000,REL8602A,PM,This study,MSU RTSF,SRR2584683,paired,150,65.64889244,,873,730,1,140,2,0,29517,1551,4601846,220,408,16,11,0,75,3000.0,,
Ara+3,20000,REL8602B,PM,This study,MSU RTSF,SRR2584684,paired,150,111.8627575,,871,727,1,141,2,0,29523,1545,4601834,215,411,16,12,0,73,3000.0,,
Ara+3,30000,REL10410,PM,This study,MSU RTSF,SRR2584685,paired,150,98.70850155,,1128,942,3,179,4,0,70558,4277,4563531,293,522,16,15,0,96,4500.0,,
Ara+3,30000,REL10411,PM,This study,MSU RTSF,SRR2588848,paired,150,69.55319784,,1143,962,3,174,4,0,82409,4281,4551684,290,539,17,15,0,101,4500.0,,
Ara+3,40000,REL10953,PM,R14,Genoscope,SRR1536189,single,36,107.6074946,,1532,1262,4,261,5,0,92750,5757,4542819,390,706,22,17,0,127,6000.0,,
Ara+3,40000,REL10954,PM,This study,Genoscope,SRR2584694,single,36,108.51916170000001,,1537,1270,4,259,4,0,70598,5758,4564972,390,709,24,19,0,128,6000.0,,
Ara+3,50000,REL11345,PM,This study,Genoscope,SRR2584696,single,51,624.6184245000001,,1729,1448,4,271,6,0,100311,5766,4535267,451,810,24,20,0,143,7500.0,,
Ara+3,50000,REL11346,PM,This study,MSU RTSF,SRR2591038,paired,150,170.90340559999999,,1640,1361,5,269,5,0,92764,5873,4542921,408,763,26,20,0,144,7500.0,,
Ara+4,500,REL771A,None,This study,IntraGen,SRR2584697,paired,101,114.1916719,,2,1,0,0,0,1,0,132528,4762340,0,1,0,0,0,0,75.0,0.485,1.0911
Ara+4,500,REL771B,None,This study,IntraGen,SRR2584698,paired,101,130.8387582,,3,2,0,1,0,0,1,0,4629811,0,2,0,0,0,0,75.0,0.485,1.0911
Ara+4,1000,REL961A,None,This study,IntraGen,SRR2588900,paired,101,95.45649651,,2,1,0,1,0,0,1,0,4629811,0,1,0,0,0,0,150.0,0.495,1.212
Ara+4,1000,REL961B,None,This study,IntraGen,SRR2588923,paired,101,103.970988,,4,2,0,1,1,0,3948,0,4625864,0,1,0,0,0,1,150.0,0.495,1.212
Ara+4,1500,REL1065A,None,This study,IntraGen,SRR2588946,paired,101,71.41684565,,7,5,0,1,1,0,3948,0,4625864,2,3,0,0,0,0,225.0,,1.2588
Ara+4,1500,REL1065B,None,This study,IntraGen,SRR2584702,paired,101,88.1567474,,9,8,0,1,0,0,1,0,4629811,1,4,0,1,0,2,225.0,,1.2588
Ara+4,2000,REL1161A,None,This study,IntraGen,SRR2584703,paired,101,71.28001483,,6,4,0,1,1,0,3948,0,4625864,1,3,0,0,0,0,300.0,0.675,1.2482
Ara+4,2000,REL1161B,None,This study,IntraGen,SRR2584705,paired,101,74.79424758,,6,3,1,1,1,0,6109,1458,4625161,1,1,1,0,0,0,300.0,0.675,1.2482
Ara+4,5000,REL2176A,None,This study,IntraGen,SRR2584706,paired,101,62.03692591,,11,7,1,2,1,0,3950,776,4626638,0,5,0,0,0,2,750.0,0.65,1.4718
Ara+4,5000,REL2176B,None,This study,IntraGen,SRR2588991,paired,101,135.749446,,8,6,0,1,1,0,3948,0,4625864,0,5,0,0,0,1,750.0,0.65,1.4718
Ara+4,10000,REL4533A,None,This study,IntraGen,SRR2584708,paired,101,78.21496251,,21,12,1,5,2,1,16039,13301,4627074,0,11,0,0,0,1,1500.0,0.845,1.5771
Ara+4,10000,REL4533B,None,This study,IntraGen,SRR2588992,paired,101,101.8909353,,21,12,1,5,2,1,16039,13301,4627074,0,11,0,0,0,1,1500.0,0.845,1.5771
Ara+4,15000,REL7186A,None,This study,IntraGen,SRR2584710,paired,101,79.60013862,,27,14,2,6,4,1,39546,14747,4605013,0,12,0,0,0,2,2250.0,,
Ara+4,15000,REL7186B,None,This study,IntraGen,SRR2588993,paired,101,64.89416287,,27,15,2,6,3,1,16253,14747,4628306,0,12,0,0,0,3,2250.0,,
Ara+4,20000,REL8603A,None,This study,IntraGen,SRR2584712,paired,101,99.42028769,,40,21,5,6,7,1,89728,17748,4557832,1,16,0,0,0,4,3000.0,,
Ara+4,20000,REL8603B,None,This study,IntraGen,SRR2591039,paired,101,122.3252085,,36,21,2,6,6,1,73499,14747,4571060,1,16,0,0,0,4,3000.0,,
Ara+4,30000,REL10414,None,This study,IntraGen,SRR2584714,paired,101,96.52033473,Possibly nonclonal: 1 mutation at ~50% not included,44,24,3,7,7,3,81054,31584,4580342,1,17,0,0,0,6,4500.0,,
Ara+4,30000,REL10415,None,This study,IntraGen,SRR2588995,paired,101,108.249049,,42,25,3,7,6,1,73500,16193,4572505,2,16,0,0,0,7,4500.0,,
Ara+4,40000,REL10956,None,W13,Genoscope,SRR2086098,single,36,86.17511467,,54,32,6,8,7,1,87027,19847,4562632,3,19,1,0,0,9,6000.0,,
Ara+4,40000,REL10957,None,W13,Genoscope,SRR2086148,single,36,92.62975905,,54,31,7,8,7,1,87027,19963,4562748,2,20,1,0,0,8,6000.0,,
Ara+4,50000,REL11348,None,This study,Genoscope,SRR2584774,single,51,921.4403112,,68,41,6,11,9,1,108491,19763,4541084,2,23,1,0,0,15,7500.0,,
Ara+4,50000,REL11349,None,This study,IntraGen,SRR2591040,paired,101,106.34371090000002,,67,41,6,10,8,2,87597,209849,4752064,2,23,1,0,0,15,7500.0,,
Ara+5,500,REL772A,None,This study,Genoscope,SRR2584776,single,36,27.80353457,,2,1,1,0,0,0,0,1446,4631258,0,1,0,0,0,0,75.0,0.525,1.1724
Ara+5,500,REL772B,None,This study,Genoscope,SRR2584777,single,36,56.03181576,,2,2,0,0,0,0,0,0,4629812,0,2,0,0,0,0,75.0,0.525,1.1724
Ara+5,1000,REL962A,None,This study,Genoscope,SRR2584778,single,36,57.96888038,,5,3,0,1,1,0,613,1,4629200,0,2,0,0,0,1,150.0,0.585,1.14
Ara+5,1000,REL962B,None,This study,Genoscope,SRR2584779,single,36,52.43645206,,3,2,0,0,1,0,1799,0,4628013,0,2,0,0,0,0,150.0,0.585,1.14
Ara+5,1500,REL1066A,None,This study,Genoscope,SRR2584780,single,36,59.12976164,,5,3,1,0,1,0,5111,777,4625478,0,3,0,0,0,0,225.0,,1.2053
Ara+5,1500,REL1066B,None,This study,Genoscope,SRR2584781,single,36,57.14559058,,4,3,1,0,0,0,0,1447,4631259,0,2,0,0,0,1,225.0,,1.2053
Ara+5,2000,REL1162A,None,This study,Genoscope,SRR2584782,single,36,59.40058624,,7,4,1,1,1,0,5111,778,4625479,0,4,0,0,0,0,300.0,0.675,1.2218
Ara+5,2000,REL1162B,None,This study,Genoscope,SRR2584784,single,36,58.87763564,,6,4,1,0,1,0,5111,777,4625478,0,4,0,0,0,0,300.0,0.675,1.2218
Ara+5,5000,REL2177A,None,This study,Genoscope,SRR2584785,single,36,51.8593066,,15,9,4,0,2,0,410,5785,4635187,0,9,0,0,0,0,750.0,0.725,1.4146
Ara+5,5000,REL2177B,None,This study,Genoscope,SRR2584786,single,36,70.22555063,,11,8,2,0,1,0,283,2893,4632422,0,8,0,0,0,0,750.0,0.725,1.4146
Ara+5,10000,REL4534A,None,This study,Genoscope,SRR2584787,single,36,73.17670804,,20,15,2,0,2,1,10903,63662,4682571,0,12,0,0,0,3,1500.0,0.81,1.4681
Ara+5,10000,REL4534B,None,This study,Genoscope,SRR2584811,single,36,68.41094304,,17,12,2,0,2,1,10903,63662,4682571,0,10,0,0,0,2,1500.0,0.81,1.4681
Ara+5,15000,REL7187A,None,This study,Genoscope,SRR2584812,single,36,72.1374464,,30,18,7,1,2,2,56059,124131,4697884,2,15,0,0,0,1,2250.0,,
Ara+5,15000,REL7187B,None,This study,Genoscope,SRR2584813,single,36,74.6452964,,31,18,7,1,3,2,63609,124131,4690334,3,14,0,0,0,1,2250.0,,
Ara+5,20000,REL8604A,None,This study,Genoscope,SRR2584814,single,36,72.91642706,,33,20,5,2,5,1,34141,67905,4663576,3,14,0,0,0,3,3000.0,,
Ara+5,20000,REL8604B,None,This study,Genoscope,SRR2584815,single,36,46.25508358,,32,20,5,1,5,1,34140,67905,4663577,3,14,0,0,0,3,3000.0,,
Ara+5,30000,REL10432,None,This study,Genoscope,SRR2584816,single,36,54.35412172,,50,27,10,4,5,4,152045,199286,4677053,2,22,1,0,0,2,4500.0,,
Ara+5,30000,REL10433,None,This study,Genoscope,SRR2584820,single,36,55.81015536,,51,28,10,4,5,4,152045,199286,4677053,2,23,1,0,0,2,4500.0,,
Ara+5,40000,REL10982,None,W13,Genoscope,SRR2086149,single,36,55.43571812,,64,36,14,6,5,3,152047,162488,4640253,4,27,2,0,0,3,6000.0,,
Ara+5,40000,REL10983,None,W13,Genoscope,SRR2086150,single,36,64.8713613,,66,36,15,6,6,3,181909,163935,4611838,4,26,2,0,0,4,6000.0,,
Ara+5,50000,REL11367,None,This study,Genoscope,SRR2584821,single,51,618.5077137,,77,45,16,8,5,3,152049,165381,4643144,5,32,2,0,0,6,7500.0,,
Ara+5,50000,REL11368,None,This study,IntraGen,SRR2584822,paired,101,100.551741,,76,42,16,9,6,3,181910,165383,4613285,4,30,2,0,0,6,7500.0,,
Ara+6,500,REL773A,None,This study,Genoscope,SRR2584823,single,36,80.65154395,,2,2,0,0,0,0,0,0,4629812,0,2,0,0,0,0,75.0,0.46,1.2312
Ara+6,500,REL773B,None,This study,Genoscope,SRR2584824,single,36,73.23058863,,2,1,0,0,1,0,1225,0,4628587,0,1,0,0,0,0,75.0,0.46,1.2312
Ara+6,1000,REL963A,None,This study,Genoscope,SRR2584825,single,36,78.20938042,,4,3,0,0,1,0,3182,0,4626630,0,3,0,0,0,0,150.0,0.585,1.2214
Ara+6,1000,REL963B,None,This study,Genoscope,SRR2584826,single,36,79.65869759,,3,3,0,0,0,0,0,0,4629812,0,3,0,0,0,0,150.0,0.585,1.2214
Ara+6,1500,REL1067A,None,This study,Genoscope,SRR2584827,single,36,75.54630274,,4,4,0,0,0,0,0,0,4629812,0,4,0,0,0,0,225.0,,1.3151
Ara+6,1500,REL1067B,None,This study,Genoscope,SRR2584828,single,36,58.15923519,,6,4,0,0,2,0,6682,0,4623130,0,3,0,0,0,1,225.0,,1.3151
Ara+6,2000,REL1163A,None,This study,Genoscope,SRR2584829,single,36,62.93031251,,5,4,0,0,1,0,6417,0,4623395,0,3,0,0,0,1,300.0,0.64,1.2128
Ara+6,2000,REL1163B,None,This study,Genoscope,SRR2584831,single,36,83.88996097,,5,4,0,0,1,0,6417,0,4623395,0,3,0,0,0,1,300.0,0.64,1.2128
Ara+6,5000,REL2178A,None,This study,Genoscope,SRR2584832,single,36,86.14104871,,8,6,0,1,1,0,5160,3,4624655,0,4,0,0,0,2,750.0,0.735,1.4788
Ara+6,5000,REL2178B,None,This study,Genoscope,SRR2584833,single,36,66.11921866,,9,6,0,1,2,0,8270,3,4621545,0,4,0,0,0,2,750.0,0.735,1.4788
Ara+6,10000,REL4535A,PM,This study,Genoscope,SRR2584834,single,36,67.93634731,,598,593,1,3,1,0,5162,1449,4626099,62,445,9,7,0,70,1500.0,1.015,1.6492
Ara+6,10000,REL4535B,PM,This study,Genoscope,SRR2584835,single,36,77.75801739,,679,674,2,2,1,0,5161,2798,4627449,79,499,9,6,0,81,1500.0,1.015,1.6492
Ara+6,15000,REL7188A,PM,This study,Genoscope,SRR2584836,single,36,128.36115959999998,Possibly nonclonal: Included one mutation present at ~60%,994,987,3,2,2,0,13780,3575,4619607,114,706,19,12,0,136,2250.0,,
Ara+6,15000,REL7188B,PM,This study,Genoscope,SRR2584837,single,36,66.41331851,,1001,994,3,2,2,0,13780,3575,4619607,119,706,21,12,0,136,2250.0,,
Ara+6,20000,REL8605A,PM,This study,Genoscope,SRR2584838,single,36,73.88831685,,1235,1228,3,2,2,0,13780,4244,4620276,140,890,23,16,0,159,3000.0,,
Ara+6,20000,REL8605B,PM,This study,Genoscope,SRR2584839,single,36,84.04098266,,1358,1351,2,3,2,0,13781,2798,4618829,163,968,26,17,0,177,3000.0,,
Ara+6,30000,REL10417,PM,This study,Genoscope,SRR2584840,single,36,106.1507264,,1837,1827,4,2,4,0,43480,4352,4590684,214,1316,32,23,1,241,4500.0,,
Ara+6,30000,REL10418,PM,This study,Genoscope,SRR2584842,single,36,93.99327986,Possibly nonclonal: Did not include deletion of prophage region present at ~70%,1883,1874,2,2,5,0,67635,2798,4564975,211,1360,30,22,1,250,4500.0,,
Ara+6,40000,REL10985,PM,R14,Genoscope,SRR1536190,single,36,41.488420700000006,,2185,2172,3,2,8,0,76300,3576,4557088,268,1561,35,25,1,282,6000.0,,
Ara+6,40000,REL10986,PM,This study,Genoscope,SRR2584843,single,36,34.70128506,,2021,2009,4,4,4,0,43481,5693,4592024,227,1443,38,29,1,271,6000.0,,
Ara+6,50000,REL11370,PM,This study,Genoscope,SRR2584844,single,51,697.4514702,,2557,2548,2,2,5,0,73042,2799,4559569,292,1818,42,39,1,356,7500.0,,
Ara+6,50000,REL11371,PM,This study,IntraGen,SRR2588999,paired,101,61.18425219,,2293,2276,6,3,8,0,62344,5902,4573370,287,1629,38,28,1,293,7500.0,,
Ara-1,500,REL762B,None,This study,IntraGen,SRR2591031,paired,101,76.08774806,,3,2,0,0,1,0,3060,0,4626752,0,2,0,0,0,0,75.0,0.485,1.2243
Ara-1,500,REL762C,None,This study,IntraGen,SRR2588223,paired,101,62.07786061,,5,3,0,1,1,0,1139,0,4628673,0,3,0,0,0,0,75.0,0.485,1.2243
Ara-1,1000,REL964B,None,This study,IntraGen,SRR2584817,paired,101,100.7288313,,4,2,0,1,1,0,6934,1,4622879,0,2,0,0,0,0,150.0,0.515,1.2209
Ara-1,1000,REL964C,None,This study,IntraGen,SRR2584854,paired,101,84.18539543,Possibly nonclonal: 1 of 2 mutations at ~50% included,6,4,1,0,1,0,3060,777,4627529,0,4,0,0,0,0,150.0,0.515,1.2209
Ara-1,1500,REL1068B,None,This study,IntraGen,SRR2591042,paired,101,103.7764438,,5,2,1,1,1,0,6934,1447,4624325,0,2,0,0,0,0,225.0,,1.3299
Ara-1,1500,REL1068C,None,This study,IntraGen,SRR2584876,paired,101,95.34826079,,7,4,0,2,1,0,6934,8,4622886,0,4,0,0,0,0,225.0,,1.3299
Ara-1,2000,REL1164A,None,B09,MSU RTSF,SRR030253,paired,36,53.90526138,,6,3,1,1,1,0,6934,1350,4624228,0,3,0,0,0,0,300.0,0.6,1.2316
Ara-1,2000,REL1164B,None,W13,Genoscope,ERR051713,single,36,38.08000562,,6,3,0,2,1,0,6934,8,4622886,0,3,0,0,0,0,300.0,0.6,1.2316
Ara-1,5000,REL2179A,None,B09,MSU RTSF,SRR030254,paired,36,63.40502249,,14,9,2,2,1,0,6934,2797,4625675,0,9,0,0,0,0,750.0,0.665,1.4562
Ara-1,5000,REL2179B,None,W13,Genoscope,ERR051724,single,36,182.7696291,,14,8,2,3,1,0,6967,2797,4625642,0,8,0,0,0,0,750.0,0.665,1.4562
Ara-1,10000,REL4536A,None,B09,MSU RTSF,SRR030255,paired,36,60.14251939,,26,16,3,4,3,0,38468,4341,4595685,1,12,0,0,0,3,1500.0,0.67,1.4434
Ara-1,10000,REL4536B,None,W13,Genoscope,ERR051718,single,36,70.54193885,,26,18,1,4,3,0,38468,1450,4592794,1,12,0,0,0,5,1500.0,0.67,1.4434
Ara-1,15000,REL7177A,None,B09,MSU RTSF,SRR030256,paired,36,60.26470448,,36,22,7,4,3,0,38468,10029,4601373,0,18,0,0,0,4,2250.0,,
Ara-1,15000,REL7177B,None,W13,Genoscope,ERR051719,single,36,75.67485526,,36,22,5,5,4,0,64908,7165,4572069,0,18,0,0,0,4,2250.0,,
Ara-1,20000,REL8593A,None,B09,MSU RTSF,SRR030257,paired,36,54.76526973,,42,27,7,5,3,0,38469,10030,4601373,0,21,0,0,0,6,3000.0,,
Ara-1,20000,REL8593B,None,W13,Genoscope,ERR051714,single,36,35.55728807,,40,26,7,4,3,0,38468,10030,4601374,0,21,0,0,0,5,3000.0,,
Ara-1,30000,REL10391,PM,W13,Genoscope,ERR051722,single,36,76.73797446,,415,394,8,8,4,1,38531,11616,4602897,46,292,4,5,0,47,4500.0,,
Ara-1,30000,REL10392,PM,W13,Genoscope,ERR051721,single,36,70.14111891,,510,487,9,9,4,1,38531,12973,4604254,57,354,9,3,0,64,4500.0,,
Ara-1,40000,REL10938,PM,B09,MSU RTSF,SRR030258,paired,36,60.70610038,,642,616,10,8,7,1,68926,13743,4574629,82,430,10,6,0,88,6000.0,,
Ara-1,40000,REL10939,PM,W13,Genoscope,ERR051717,single,36,74.60063562,,850,823,11,10,5,1,46086,14617,4598343,112,574,11,10,0,116,6000.0,,
Ara-1,50000,REL11330,PM,This study,Genoscope,SRR2584887,single,50,823.6230304999999,,1087,1059,11,10,6,1,47171,14617,4597258,153,744,16,12,0,134,7500.0,,
Ara-1,50000,REL11331,PM,This study,IntraGen,SRR2591047,paired,101,99.01527751,,1105,1076,11,11,6,1,47171,14621,4597262,162,753,18,11,0,132,7500.0,,
Ara-2,500,REL763A,None,This study,MSU RTSF,SRR2591050,paired,150,154.2808015,,2,1,0,1,0,0,0,11,4629823,0,1,0,0,0,0,75.0,0.51,1.1159999999999999
Ara-2,500,REL763B,None,This study,MSU RTSF,SRR2589073,paired,150,216.6066985,,2,1,0,0,1,0,7428,0,4622384,0,1,0,0,0,0,75.0,0.51,1.1159999999999999
Ara-2,1000,REL965A,None,This study,MSU RTSF,SRR2584405,paired,150,92.51958568,,4,4,0,0,0,0,0,0,4629812,1,3,0,0,0,0,150.0,0.625,1.2938
Ara-2,1000,REL965B,None,This study,MSU RTSF,SRR2584465,paired,150,177.2250979,,3,3,0,0,0,0,0,0,4629812,0,3,0,0,0,0,150.0,0.625,1.2938
Ara-2,1500,REL1069A,None,This study,MSU RTSF,SRR2591033,paired,150,91.63532083,,4,3,0,0,1,0,5681,0,4624131,0,3,0,0,0,0,225.0,,1.2285
Ara-2,1500,REL1069B,None,This study,MSU RTSF,SRR2584612,paired,150,118.8705723,,4,3,1,0,0,0,0,777,4630589,0,3,0,0,0,0,225.0,,1.2285
Ara-2,2000,REL1165A,None,This study,Genoscope,SRR2584664,single,36,35.89412378,,6,4,1,0,1,0,614,1349,4630547,0,4,0,0,0,0,300.0,0.66,1.2514
Ara-2,2000,REL11829,None,This study,Genoscope,SRR2584676,single,36,36.48474582,Alternative strain ID: 2000.4,5,4,0,0,1,0,3769,0,4626043,0,3,0,0,0,1,300.0,0.66,1.2514
Ara-2,5000,REL2180A,PM,This study,Genoscope,SRR2584693,single,36,103.4067491,,136,105,0,28,3,0,35760,23,4594075,37,59,1,1,0,7,750.0,0.945,1.2890000000000001
Ara-2,5000,REL2180B,PM,This study,Genoscope,SRR2584704,single,36,43.348466200000004,,127,107,0,19,1,0,4910,11,4624919,34,65,0,2,0,6,750.0,0.945,1.2890000000000001
Ara-2,10000,REL4537A,PM,This study,MSU RTSF,SRR2584715,paired,150,39.80478106,,300,241,0,56,3,0,35767,44,4594089,87,125,3,5,0,21,1500.0,0.845,1.4702
Ara-2,10000,REL4537B,PM,This study,MSU RTSF,SRR2584783,paired,150,33.30373393,,316,252,1,60,3,0,35765,830,4594877,95,129,2,3,0,23,1500.0,0.845,1.4702
Ara-2,15000,REL7178A,PM,This study,MSU RTSF,SRR2584819,paired,150,53.92852626,,579,497,3,74,4,1,45024,4882,4589670,153,291,4,6,0,43,2250.0,,
Ara-2,15000,REL7178B,PM,This study,MSU RTSF,SRR2584830,paired,150,46.01345022,,501,407,0,90,3,1,35779,204,4594237,140,220,6,6,0,35,2250.0,,
Ara-2,20000,REL11830,PM,This study,Genoscope,SRR2584841,single,36,119.46817859999999,Alternative strain ID: 20K-S1,643,524,7,104,8,0,129360,8588,4509040,164,300,6,6,0,48,3000.0,,
Ara-2,20000,REL11831,PM,This study,Genoscope,SRR2584846,single,36,116.9322316,Alternative strain ID: 20K-LA,651,527,1,119,3,1,35798,989,4595003,161,297,9,9,0,51,3000.0,,
Ara-2,30000,REL11832,PM,This study,Genoscope,SRR2584847,single,36,94.67455072,Alternative strain ID: 30K-S1,832,711,6,111,4,0,44568,7147,4592391,232,407,4,7,0,61,4500.0,,
Ara-2,30000,REL11833,PM,This study,Genoscope,SRR2584848,single,36,119.235675,Alternative strain ID: 30K-L1,634,514,0,115,4,1,57933,222,4572101,163,284,9,8,0,50,4500.0,,
Ara-2,40000,REL11035,PM,R14,Genoscope,SRR1536187,single,36,117.93464420000001,,1036,847,3,179,6,1,91010,2589,4541391,271,460,19,12,0,85,6000.0,,
Ara-2,40000,REL11036,PM,M15,Genoscope,SRR2086152,single,36,97.04583793,Possibly nonclonal: 5 mutations at ~40% not included,1077,910,18,139,10,0,123299,24222,4530735,292,520,6,9,0,83,6000.0,,
Ara-2,50000,REL11333,PM,This study,Genoscope,SRR2584849,single,51,770.8980337,,1026,831,6,181,7,1,110454,5586,4524944,262,456,19,12,0,82,7500.0,,
Ara-2,50000,REL11335,PM,This study,Genoscope,SRR2584851,single,51,707.7041977000001,,1088,912,22,142,11,1,158130,30144,4501826,292,520,7,9,0,84,7500.0,,
Ara-3,500,REL764A,None,This study,IntraGen,SRR2584852,paired,101,113.43092759999999,,1,1,0,0,0,0,0,0,4629812,0,0,0,0,0,1,75.0,0.45,1.0859999999999999
Ara-3,500,REL764B,None,This study,IntraGen,SRR2584853,paired,101,82.38083814,,3,2,0,0,1,0,5987,0,4623825,0,2,0,0,0,0,75.0,0.45,1.0859999999999999
Ara-3,1000,REL966A,None,This study,IntraGen,SRR2589001,paired,101,67.25288932,,5,2,2,0,1,0,6406,2893,4626299,0,0,1,0,0,1,150.0,0.625,1.2546
Ara-3,1000,REL966B,None,This study,IntraGen,SRR2584856,paired,101,101.23689559999998,,4,2,0,1,1,0,537,0,4629275,0,2,0,0,0,0,150.0,0.625,1.2546
Ara-3,1500,REL1070A,None,This study,IntraGen,SRR2584857,paired,101,91.98538429,,7,4,2,0,1,0,6406,2892,4626298,0,2,1,0,0,1,225.0,,1.3346
Ara-3,1500,REL1070B,None,This study,IntraGen,SRR2584858,paired,101,102.377792,,5,2,1,1,1,0,537,1447,4630722,0,2,0,0,0,0,225.0,,1.3346
Ara-3,2000,REL1166A,None,This study,IntraGen,SRR2584859,paired,101,85.88921321,,9,3,3,1,2,0,6100,4241,4627953,0,3,0,0,0,0,300.0,0.63,1.2308
Ara-3,2000,REL1166B,None,This study,MSU RTSF,SRR2591041,paired,150,108.52384740000002,Possibly nonclonal: 2 of 3 mutations at ~50% included,10,4,4,0,1,1,6406,7762,4631168,0,2,1,0,0,1,300.0,0.63,1.2308
Ara-3,5000,REL2181A,None,This study,MSU RTSF,SRR2589044,paired,150,60.20704966,,15,6,5,1,3,0,7205,6563,4629170,0,6,0,0,0,0,750.0,0.7,1.4042
Ara-3,5000,ZDB409,None,B12,MSU RTSF,SRR098281,single,35,144.2337209,,17,7,7,1,2,0,6997,9454,4632269,0,6,0,0,0,1,750.0,0.7,1.4042
Ara-3,10000,REL4538A,None,This study,MSU RTSF,SRR2589045,paired,150,99.54372229,Possibly nonclonal: IS150 mutation in metL at ~35% included because of strong support from phylogeny,24,11,9,1,3,0,7145,12348,4635015,0,8,0,0,0,3,1500.0,0.7,1.3812
Ara-3,10000,ZDB429,None,B12,MSU RTSF,SRR098282,single,35,87.32839627,,27,11,11,2,3,0,7146,15145,4637811,0,8,0,0,0,3,1500.0,0.7,1.3812
Ara-3,15000,ZDB446,None,B12,MSU RTSF,SRR098283,single,35,141.05930590000003,,35,15,15,1,4,0,18167,20830,4632475,1,10,0,0,0,4,2250.0,,
Ara-3,15000,REL7179B,None,This study,MSU RTSF,SRR2584863,paired,150,88.01131083,,33,16,11,3,3,0,7176,15244,4637880,0,12,0,0,0,4,2250.0,,
Ara-3,20000,ZDB458,None,B12,MSU RTSF,SRR098284,single,35,126.8368521,,43,18,15,3,6,1,40675,81506,4670643,1,13,0,0,0,4,3000.0,,
Ara-3,20000,ZDB464,None,B12,MSU RTSF,SRR098285,single,36,29.66823944,,45,18,16,3,8,0,64725,22202,4587289,1,13,0,0,0,4,3000.0,,
Ara-3,30000,ZDB16,None,B12,MSU RTSF,SRR098031,single,35,113.8896057,,50,25,12,5,8,0,76697,16397,4569512,2,17,0,0,0,6,4500.0,,
Ara-3,30000,ZDB357,None,B12,MSU RTSF,SRR098280,single,35,111.1737837,,64,32,20,4,8,0,58650,27203,4598365,4,21,0,0,0,7,4500.0,,
Ara-3,40000,REL10979,PM,B12,MSU RTSF,SRR098029,single,36,30.115676399999998,,379,281,29,54,13,2,98434,56710,4585674,86,150,8,2,0,35,6000.0,,
Ara-3,40000,REL10988,IS,B12,MSU RTSF,SRR098030,single,36,30.24018319,,104,41,41,5,17,0,199546,155408,4588088,6,26,1,0,0,8,6000.0,,
Ara-3,50000,REL11364,PM,This study,MSU RTSF,SRR2584864,single,51,156.5625166,,765,621,31,92,18,3,330046,160492,4460258,178,353,8,11,0,71,7500.0,,
Ara-3,50000,REL11365,PM,This study,MSU RTSF,SRR2584866,paired,150,138.291068,,780,631,31,95,19,4,333497,333560,4629875,194,347,9,9,0,72,7500.0,,
Ara-4,500,REL765A,None,This study,MSU RTSF,SRR2584867,paired,150,62.01548767,,2,2,0,0,0,0,0,0,4629812,0,2,0,0,0,0,75.0,0.515,1.1921
Ara-4,500,REL765B,None,This study,MSU RTSF,SRR2584868,paired,150,228.44867030000003,,2,2,0,0,0,0,0,0,4629812,0,2,0,0,0,0,75.0,0.515,1.1921
Ara-4,1000,REL967A,None,This study,MSU RTSF,SRR2584869,paired,150,122.0900955,,3,2,0,0,1,0,5122,0,4624690,0,2,0,0,0,0,150.0,0.58,1.2601
Ara-4,1000,REL967B,None,This study,MSU RTSF,SRR2584870,paired,150,175.7161844,,3,3,0,0,0,0,0,0,4629812,0,3,0,0,0,0,150.0,0.58,1.2601
Ara-4,1500,REL1071A,None,This study,MSU RTSF,SRR2584871,paired,150,94.7009533,,7,5,0,1,1,0,6408,1,4623405,0,5,0,0,0,0,225.0,,1.2249
Ara-4,1500,REL1071B,None,This study,MSU RTSF,SRR2591043,paired,150,120.23034369999999,,8,5,0,2,1,0,6408,2,4623406,0,5,0,0,0,0,225.0,,1.2249
Ara-4,2000,REL1167A,None,This study,MSU RTSF,SRR2584873,paired,150,107.20388170000001,,9,7,0,1,1,0,6408,1,4623405,0,7,0,0,0,0,300.0,0.7,1.232
Ara-4,2000,REL1167B,None,This study,MSU RTSF,SRR2584874,paired,150,158.5327359,,7,5,0,1,1,0,6408,1,4623405,0,5,0,0,0,0,300.0,0.7,1.232
Ara-4,5000,REL2182A,None,This study,MSU RTSF,SRR2591044,paired,150,73.16843837,,14,11,0,2,1,0,6409,1,4623404,1,7,1,0,0,2,750.0,0.765,1.3469
Ara-4,5000,REL2182B,None,This study,MSU RTSF,SRR2589049,paired,150,166.0203164,,12,7,1,2,2,0,17306,802,4613308,0,6,0,0,0,1,750.0,0.765,1.3469
Ara-4,10000,REL4539A,PM,This study,MSU RTSF,SRR2584878,paired,150,105.0841244,,244,204,1,38,1,0,6431,804,4624185,68,110,5,2,0,19,1500.0,0.76,1.5314
Ara-4,10000,REL4539B,PM,This study,MSU RTSF,SRR2589050,paired,150,63.44942257,,265,226,1,36,2,0,29721,805,4600896,79,117,6,2,1,21,1500.0,0.76,1.5314
Ara-4,15000,REL7180A,PM,This study,MSU RTSF,SRR2591045,paired,150,37.07103312,,439,378,1,57,3,0,72347,827,4558292,129,197,9,3,0,40,2250.0,,
Ara-4,15000,REL7180B,PM,This study,MSU RTSF,SRR2584881,paired,150,48.32839087,,461,392,1,64,4,0,79906,827,4550733,126,211,9,3,0,43,2250.0,,
Ara-4,20000,REL8596A,PM,This study,MSU RTSF,SRR2584882,paired,150,84.27310179999999,,634,523,1,107,3,0,72371,858,4558299,182,271,14,4,0,52,3000.0,,
Ara-4,20000,REL8596B,PM,This study,MSU RTSF,SRR2584883,paired,150,67.7764771,,602,507,1,91,3,0,72362,851,4558301,170,269,12,3,0,53,3000.0,,
Ara-4,30000,REL10401,PM,This study,MSU RTSF,SRR2584884,paired,150,93.4110506,,921,749,1,164,6,1,109720,1196,4521288,252,395,19,10,0,73,4500.0,,
Ara-4,30000,REL10402,PM,This study,MSU RTSF,SRR2584885,paired,150,70.6331378,,900,731,1,161,7,0,148022,904,4482694,237,397,17,8,0,72,4500.0,,
Ara-4,40000,REL10944,PM,R14,Genoscope,SRR1536188,single,36,65.81026055,,1126,892,2,223,8,1,165412,1934,4466334,299,474,19,10,0,90,6000.0,,
Ara-4,40000,REL10945,PM,This study,Genoscope,SRR2584886,single,36,118.0462317,,1106,887,1,211,7,0,148048,934,4482698,303,471,18,13,0,82,6000.0,,
Ara-4,50000,REL11336,PM,This study,Genoscope,SRR2584888,single,51,858.7487371,,1313,1046,2,256,9,0,180817,2297,4451292,350,563,24,14,0,95,7500.0,,
Ara-4,50000,REL11337,PM,This study,MSU RTSF,SRR2584889,paired,150,78.71788595,,1311,1036,3,263,9,0,180814,3098,4452096,347,554,22,15,0,98,7500.0,,
Ara-5,500,REL766A,None,This study,IntraGen,SRR2589054,paired,101,66.51804047,,3,2,0,0,1,0,5627,0,4624185,0,2,0,0,0,0,75.0,0.53,1.0869
Ara-5,500,REL766B,None,This study,IntraGen,SRR2589055,paired,101,122.04729309999999,,3,2,0,0,1,0,5627,0,4624185,0,2,0,0,0,0,75.0,0.53,1.0869
Ara-5,1000,REL968A,None,This study,IntraGen,SRR2591046,paired,101,54.39946028,,5,4,0,0,1,0,5627,0,4624185,0,4,0,0,0,0,150.0,0.63,1.1619
Ara-5,1000,REL968B,None,This study,IntraGen,SRR2584893,paired,101,106.95715530000001,,4,3,0,0,1,0,5627,0,4624185,0,3,0,0,0,0,150.0,0.63,1.1619
Ara-5,1500,REL1072A,None,This study,IntraGen,SRR2584894,paired,101,66.30986874,,5,4,0,0,1,0,5627,0,4624185,0,4,0,0,0,0,225.0,,1.1532
Ara-5,1500,REL1072B,None,This study,IntraGen,SRR2589057,paired,101,86.32421792,,7,5,1,0,1,0,5627,1446,4625631,0,5,0,0,0,0,225.0,,1.1532
Ara-5,2000,REL1168A,None,This study,IntraGen,SRR2589058,paired,101,80.60478352,,9,6,1,0,1,1,5627,77008,4701193,0,6,0,0,0,0,300.0,0.705,1.2611
Ara-5,2000,REL1168B,None,This study,IntraGen,SRR2589059,paired,101,50.78032801,,9,7,1,0,1,0,5627,1349,4625534,1,6,0,0,0,0,300.0,0.705,1.2611
Ara-5,5000,REL2183A,None,This study,IntraGen,SRR2584899,paired,101,72.06949634,,15,8,4,0,2,1,27773,19540,4621579,0,7,0,0,0,1,750.0,0.915,1.3939
Ara-5,5000,REL2183B,None,This study,IntraGen,SRR2584900,paired,101,75.63859224,,14,9,3,0,1,1,5627,30844,4655029,0,8,0,0,0,1,750.0,0.915,1.3939
Ara-5,10000,REL4540A,None,This study,IntraGen,SRR2589061,paired,101,102.4978338,,28,15,9,1,2,1,27782,38851,4640881,3,11,0,0,0,1,1500.0,0.775,1.5009
Ara-5,10000,REL4540B,None,This study,IntraGen,SRR2589062,paired,101,80.15254982,,35,20,11,1,2,1,27773,53245,4655284,2,13,1,0,0,4,1500.0,0.775,1.5009
Ara-5,15000,REL7181A,None,This study,IntraGen,SRR2591048,paired,101,94.80892356,,36,22,9,2,2,1,32240,39231,4636803,1,16,0,0,0,5,2250.0,,
Ara-5,15000,REL7181B,None,This study,IntraGen,SRR2591049,paired,101,84.92397618,,34,19,9,2,3,1,51076,39231,4617967,1,15,0,0,0,3,2250.0,,
Ara-5,20000,REL8597A,None,This study,IntraGen,SRR2584905,paired,101,87.32587565,,41,22,13,2,3,1,37136,45017,4637693,2,17,0,0,0,3,3000.0,,
Ara-5,20000,REL8597B,None,This study,IntraGen,SRR2589064,paired,101,106.1340236,,41,22,13,2,3,1,37137,45016,4637691,2,17,0,0,0,3,3000.0,,
Ara-5,30000,REL10404,IS,This study,IntraGen,SRR2589065,paired,101,72.46601503,,75,17,35,7,16,0,105970,48884,4572726,3,10,0,1,0,3,4500.0,,
Ara-5,30000,REL10405,None,This study,IntraGen,SRR2584908,paired,101,100.420152,,63,40,13,3,5,2,66838,71632,4634606,2,29,2,0,0,7,4500.0,,
Ara-5,40000,REL10947,None,W13,MSU RTSF,SRR2085290,single,36,60.20139155,,71,43,16,4,7,1,93515,48029,4584326,3,31,2,0,0,7,6000.0,,
Ara-5,40000,REL10948,None,W13,MSU RTSF,SRR2086039,single,35,203.4267534,,74,44,18,4,7,1,69581,50921,4611152,4,31,2,0,0,7,6000.0,,
Ara-5,50000,REL11339,None,This study,Genoscope,SRR2584927,single,51,1026.249751,,86,50,23,5,7,1,93524,56717,4593005,3,36,2,0,0,9,7500.0,,
Ara-5,50000,REL11340,None,This study,IntraGen,SRR2589067,paired,101,117.33828500000001,,90,52,24,6,7,1,93526,58155,4594441,4,37,2,0,0,9,7500.0,,
Ara-6,500,REL767A,None,This study,IntraGen,SRR2584929,paired,101,96.40207896,,3,1,1,0,1,0,7813,1446,4623445,0,1,0,0,0,0,75.0,0.455,1.0662
Ara-6,500,REL767B,None,This study,IntraGen,SRR2589068,paired,101,117.3827263,,1,1,0,0,0,0,0,0,4629812,0,0,0,0,0,1,75.0,0.455,1.0662
Ara-6,1000,REL969A,None,This study,IntraGen,SRR2584931,paired,101,55.46306351,,4,3,0,0,1,0,6712,0,4623100,0,3,0,0,0,0,150.0,0.515,1.1937
Ara-6,1000,REL969B,None,This study,IntraGen,SRR2584932,paired,101,48.40336001,,4,3,0,0,1,0,6712,1,4623101,0,3,0,0,0,0,150.0,0.515,1.1937
Ara-6,1500,REL1073A,None,This study,IntraGen,SRR2591051,paired,101,90.85472909,,6,5,0,0,1,0,6712,0,4623100,0,5,0,0,0,0,225.0,,1.249
Ara-6,1500,REL1073B,None,This study,IntraGen,SRR2584934,paired,101,65.18399775,,5,4,0,0,1,0,6712,0,4623100,0,4,0,0,0,0,225.0,,1.249
Ara-6,2000,REL1169A,None,This study,IntraGen,SRR2589071,paired,101,64.88929356,,8,7,0,0,1,0,6712,0,4623100,0,6,0,0,0,1,300.0,0.545,1.2483
Ara-6,2000,REL1169B,None,This study,IntraGen,SRR2584936,paired,101,87.5774755,,9,8,0,0,1,0,6712,0,4623100,2,6,0,0,0,0,300.0,0.545,1.2483
Ara-6,5000,REL2184A,None,This study,IntraGen,SRR2584938,paired,101,89.93209638,,11,8,0,1,2,0,6822,25,4623015,1,5,1,0,0,1,750.0,0.655,1.4794
Ara-6,5000,REL2184B,None,This study,IntraGen,SRR2591052,paired,101,120.3823129,,16,12,1,1,2,0,28858,802,4601756,2,7,1,0,0,2,750.0,0.655,1.4794
Ara-6,10000,REL4541A,None,This study,IntraGen,SRR2591053,paired,101,96.78040339,,21,12,6,2,1,0,6721,8500,4631591,1,10,0,0,0,1,1500.0,0.655,1.5652
Ara-6,10000,REL4541B,None,This study,IntraGen,SRR2591054,paired,101,105.0472168,,26,14,6,4,2,0,17086,7928,4620654,1,12,0,0,0,1,1500.0,0.655,1.5652
Ara-6,15000,REL7182A,None,This study,IntraGen,SRR2584942,paired,101,91.04097467,,33,18,6,5,4,0,24996,7933,4612749,1,14,0,0,0,3,2250.0,,
Ara-6,15000,REL7182B,None,This study,IntraGen,SRR2584943,paired,101,84.64811876,,35,20,7,5,3,0,24935,8613,4613490,1,16,0,0,0,3,2250.0,,
Ara-6,20000,REL8598A,None,This study,IntraGen,SRR2589074,paired,101,106.12365659999999,,42,19,9,6,7,1,55715,10947,4585044,2,15,0,0,0,2,3000.0,,
Ara-6,20000,REL8598B,None,This study,IntraGen,SRR2584978,paired,101,91.76974486,,43,20,9,7,5,2,37162,71175,4663825,1,17,0,0,0,2,3000.0,,
Ara-6,30000,REL10447,None,This study,IntraGen,SRR2584979,paired,101,88.43178103,,58,29,13,7,8,1,89850,36995,4576957,2,24,0,0,0,3,4500.0,,
Ara-6,30000,REL10448,None,This study,IntraGen,SRR2589077,paired,101,97.14750837,,57,29,12,7,8,1,89850,35549,4575511,3,23,0,0,0,3,4500.0,,
Ara-6,40000,REL11005,None,W13,Genoscope,SRR2086041,single,36,95.95353353,,76,32,23,8,12,1,105241,51460,4576031,2,25,0,0,0,5,6000.0,,
Ara-6,40000,REL11006,None,W13,Genoscope,SRR2086042,single,36,119.2687481,,66,34,14,10,7,1,52714,16661,4593759,4,26,0,0,0,4,6000.0,,
Ara-6,50000,REL11389,None,This study,Genoscope,SRR2584407,single,51,625.432232,,86,40,25,8,12,1,105242,54168,4578738,3,30,0,0,0,7,7500.0,,
Ara-6,50000,REL11390,None,This study,MSU RTSF,SRR2584406,paired,150,66.05147509,,75,39,17,11,7,1,52714,20904,4598002,4,30,0,0,0,5,7500.0,,
